dataset,method,cap,valid_at_5,success_at_5,score,time_seconds
ATMONTO,Unconstrained,5,0.7960,0.7800,0.6483,0.0066
ATMONTO,Pre-hoc,5,1.0000,1.0000,0.6515,0.0129
ATMONTO,Post-hoc,25,0.8160,0.8000,0.5388,0.0118
ATMONTO,Post-hoc,100,0.8160,0.8000,0.5388,0.0156
ATMONTO,Post-hoc,200,0.8360,0.8200,0.5509,0.0288
ATMONTO,Post-hoc,400,0.8360,0.8200,0.5509,0.0520
ATMONTO,Post-hoc,2000,0.8960,0.8800,0.5910,0.2795
Brick,Unconstrained,5,0.6600,0.5200,0.7437,0.0066
Brick,Pre-hoc,5,1.0000,1.0000,0.7420,0.0075
Brick,Post-hoc,25,0.7080,0.6600,0.5824,0.0074
Brick,Post-hoc,100,0.7560,0.7200,0.6076,0.0135
Brick,Post-hoc,200,0.8160,0.8000,0.6348,0.0229
Brick,Post-hoc,400,0.8200,0.8000,0.6493,0.0608
Brick,Post-hoc,2000,0.8760,0.8600,0.6726,0.4327
DBpedia US Civic Geography,Unconstrained,5,0.6720,0.4400,0.6103,0.0077
DBpedia US Civic Geography,Pre-hoc,5,1.0000,1.0000,0.6026,0.0115
DBpedia US Civic Geography,Post-hoc,25,0.9080,0.8800,0.5808,0.0086
DBpedia US Civic Geography,Post-hoc,100,0.9400,0.9200,0.5803,0.0130
DBpedia US Civic Geography,Post-hoc,200,0.9680,0.9600,0.5905,0.0173
DBpedia US Civic Geography,Post-hoc,400,0.9800,0.9800,0.5904,0.0259
DBpedia US Civic Geography,Post-hoc,2000,0.9920,0.9800,0.6011,0.0678
