ontology,model,strategy,retrieval_limit,valid_at_5,success_at_5,time_seconds,examined
ATMONTO,all-MiniLM-L6-v2,Unconstrained,5,0.656,0.56,0.0081,5
ATMONTO,all-MiniLM-L6-v2,Pre-hoc,5,1,1,0.0178,5
ATMONTO,all-MiniLM-L6-v2,Post-hoc,25,0.728,0.68,0.0102,25
ATMONTO,all-MiniLM-L6-v2,Post-hoc,100,0.864,0.84,0.0218,45
ATMONTO,all-MiniLM-L6-v2,Post-hoc,200,0.884,0.86,0.0303,61
ATMONTO,all-MiniLM-L6-v2,Post-hoc,400,0.896,0.86,0.0509,89
ATMONTO,all-MiniLM-L6-v2,Post-hoc,2000,0.964,0.94,0.1962,228
ATMONTO,bge-large-en-v1.5,Unconstrained,5,0.848,0.78,0.0068,5
ATMONTO,bge-large-en-v1.5,Pre-hoc,5,1,1,0.0218,5
ATMONTO,bge-large-en-v1.5,Post-hoc,25,0.924,0.92,0.0111,25
ATMONTO,bge-large-en-v1.5,Post-hoc,100,0.94,0.94,0.0147,31
ATMONTO,bge-large-en-v1.5,Post-hoc,200,0.94,0.94,0.0202,37
ATMONTO,bge-large-en-v1.5,Post-hoc,400,0.944,0.94,0.0294,49
ATMONTO,bge-large-en-v1.5,Post-hoc,2000,1,1,0.0355,62
Brick,all-MiniLM-L6-v2,Unconstrained,5,0.672,0.54,0.0073,5
Brick,all-MiniLM-L6-v2,Pre-hoc,5,1,1,0.0138,5
Brick,all-MiniLM-L6-v2,Post-hoc,25,0.76,0.74,0.0109,25
Brick,all-MiniLM-L6-v2,Post-hoc,100,0.888,0.86,0.0214,42
Brick,all-MiniLM-L6-v2,Post-hoc,200,0.936,0.9,0.0281,53
Brick,all-MiniLM-L6-v2,Post-hoc,400,0.964,0.94,0.0431,70
Brick,all-MiniLM-L6-v2,Post-hoc,2000,0.98,0.98,0.0811,104
Brick,bge-large-en-v1.5,Unconstrained,5,0.764,0.6,0.0081,5
Brick,bge-large-en-v1.5,Pre-hoc,5,1,1,0.0151,5
Brick,bge-large-en-v1.5,Post-hoc,25,0.86,0.84,0.0139,25
Brick,bge-large-en-v1.5,Post-hoc,100,0.924,0.92,0.0185,36
Brick,bge-large-en-v1.5,Post-hoc,200,0.94,0.94,0.0249,43
Brick,bge-large-en-v1.5,Post-hoc,400,0.94,0.94,0.0379,55
Brick,bge-large-en-v1.5,Post-hoc,2000,0.964,0.96,0.1405,142
DBpedia US Civic Geography,all-MiniLM-L6-v2,Unconstrained,5,0.6429,0.4286,0.0097,5
DBpedia US Civic Geography,all-MiniLM-L6-v2,Pre-hoc,5,1,1,0.0218,5
DBpedia US Civic Geography,all-MiniLM-L6-v2,Post-hoc,25,0.8762,0.8571,0.0188,25.0
DBpedia US Civic Geography,all-MiniLM-L6-v2,Post-hoc,100,0.9381,0.881,0.0252,35.71
DBpedia US Civic Geography,all-MiniLM-L6-v2,Post-hoc,200,0.9667,0.9286,0.0316,44.64
DBpedia US Civic Geography,all-MiniLM-L6-v2,Post-hoc,400,0.9762,0.9762,0.0349,51.19
DBpedia US Civic Geography,all-MiniLM-L6-v2,Post-hoc,2000,0.9762,0.9762,0.0873,89.29
DBpedia US Civic Geography,bge-large-en-v1.5,Unconstrained,5,0.6238,0.3571,0.0113,5
DBpedia US Civic Geography,bge-large-en-v1.5,Pre-hoc,5,1,1,0.0252,5
DBpedia US Civic Geography,bge-large-en-v1.5,Post-hoc,25,0.9,0.8571,0.0174,25.0
DBpedia US Civic Geography,bge-large-en-v1.5,Post-hoc,100,0.9524,0.9524,0.0215,32.74
DBpedia US Civic Geography,bge-large-en-v1.5,Post-hoc,200,0.9762,0.9762,0.0262,37.5
DBpedia US Civic Geography,bge-large-en-v1.5,Post-hoc,400,0.9762,0.9762,0.032,42.26
DBpedia US Civic Geography,bge-large-en-v1.5,Post-hoc,2000,0.9905,0.9762,0.0798,80.36
