model,method,cap,valid_at_5,success_at_5,score,time_seconds
all-MiniLM-L6-v2,Unconstrained,5,0.6720,0.5267,0.5244,0.0092
all-MiniLM-L6-v2,Pre-hoc,5,1.0000,1.0000,0.5070,0.0143
all-MiniLM-L6-v2,Post-hoc,25,0.7947,0.7667,0.4389,0.0125
all-MiniLM-L6-v2,Post-hoc,100,0.9000,0.8667,0.4755,0.0199
all-MiniLM-L6-v2,Post-hoc,200,0.9307,0.9000,0.4894,0.0289
all-MiniLM-L6-v2,Post-hoc,400,0.9467,0.9267,0.4939,0.0508
all-MiniLM-L6-v2,Post-hoc,2000,0.9747,0.9667,0.4995,0.1246
bge-large-en-v1.5,Unconstrained,5,0.7613,0.6000,0.6708,0.0077
bge-large-en-v1.5,Pre-hoc,5,1.0000,1.0000,0.6659,0.0179
bge-large-en-v1.5,Post-hoc,25,0.9013,0.8800,0.6237,0.0135
bge-large-en-v1.5,Post-hoc,100,0.9413,0.9400,0.6316,0.0180
bge-large-en-v1.5,Post-hoc,200,0.9533,0.9533,0.6351,0.0216
bge-large-en-v1.5,Post-hoc,400,0.9533,0.9533,0.6351,0.0334
bge-large-en-v1.5,Post-hoc,2000,0.9853,0.9800,0.6610,0.0836
