dataset,model,hnsw_ef,time_ms,exact_top5_overlap,score_delta_from_exact
ATMONTO,all-MiniLM-L6-v2,32,10.059,0.7720,-0.013167
ATMONTO,all-MiniLM-L6-v2,64,12.136,0.8120,-0.011687
ATMONTO,all-MiniLM-L6-v2,100,12.287,0.8560,-0.008186
ATMONTO,all-MiniLM-L6-v2,128,13.146,0.8840,-0.006355
ATMONTO,all-MiniLM-L6-v2,256,13.912,0.9240,-0.002056
ATMONTO,bge-large-en-v1.5,32,14.659,0.9240,-0.000391
ATMONTO,bge-large-en-v1.5,64,13.157,0.9440,-0.000237
ATMONTO,bge-large-en-v1.5,100,12.927,0.9520,-0.000215
ATMONTO,bge-large-en-v1.5,128,12.425,0.9680,-0.000118
ATMONTO,bge-large-en-v1.5,256,13.151,0.9800,-0.000076
Brick,all-MiniLM-L6-v2,32,11.860,0.9800,-0.000095
Brick,all-MiniLM-L6-v2,64,12.660,0.9920,-0.000011
Brick,all-MiniLM-L6-v2,100,11.702,1.0000,0.000000
Brick,all-MiniLM-L6-v2,128,11.595,1.0000,0.000000
Brick,all-MiniLM-L6-v2,256,11.446,1.0000,0.000000
Brick,bge-large-en-v1.5,32,13.504,0.9760,-0.000133
Brick,bge-large-en-v1.5,64,13.644,0.9840,-0.000103
Brick,bge-large-en-v1.5,100,12.883,0.9880,-0.000045
Brick,bge-large-en-v1.5,128,11.348,0.9880,-0.000045
Brick,bge-large-en-v1.5,256,12.261,0.9880,-0.000045
DBpedia US Civic Geography,all-MiniLM-L6-v2,32,10.583,0.9280,-0.002295
DBpedia US Civic Geography,all-MiniLM-L6-v2,64,12.519,0.9640,-0.001053
DBpedia US Civic Geography,all-MiniLM-L6-v2,100,11.335,0.9880,-0.000319
DBpedia US Civic Geography,all-MiniLM-L6-v2,128,12.160,0.9880,-0.000319
DBpedia US Civic Geography,all-MiniLM-L6-v2,256,12.539,0.9960,-0.000160
DBpedia US Civic Geography,bge-large-en-v1.5,32,11.452,0.8880,-0.001574
DBpedia US Civic Geography,bge-large-en-v1.5,64,12.034,0.9560,-0.000736
DBpedia US Civic Geography,bge-large-en-v1.5,100,11.753,0.9680,-0.000422
DBpedia US Civic Geography,bge-large-en-v1.5,128,13.340,0.9720,-0.000404
DBpedia US Civic Geography,bge-large-en-v1.5,256,13.384,0.9960,-0.000068
